<?xml version="1.0" encoding="UTF-8"?>
<!DOCTYPE mapper
  PUBLIC "-//mybatis.org//DTD Mapper 3.0//EN"
  "https://mybatis.org/dtd/mybatis-3-mapper.dtd">
  <mapper namespace="com.spring.mapper.F_P_Mapper">

  <select id="" resultType="com.spring.domain.F_P_DTO">
  		SELECT * FROM FAVORITEP
  </select>

  <select id="selectPBoard"  resultType="com.spring.domain.F_P_DTO">
  		<![CDATA[
  		SELECT f.favoritep_no
      		     , f.favoritep_reg_date
      		     , p.pet_notice_no
      		     , p.popfile
      		     , p.careNm
      		     , p.careAddr
      		     , p.careTel
      		     , (SELECT nickname FROM members WHERE nickname = f.nickname) as nickname
      		FROM FAVORITEP f
      		JOIN shelter p ON f.pet_notice_no = p.pet_notice_no
      		]]>
  	</select>
  	<select id="selectCountPBoard" parameterType="int" resultType="int">	
  		
  			SELECT COUNT(1)FROM favoritep
  		
  		</select>
  	
  	 <select id="selectPBoardByPage" resultType="com.spring.domain.F_P_DTO">
  		<![CDATA[
  		SELECT 
              favoritep_no
              ,favoritep_reg_date
             ,pet_notice_no
             ,popfile
             ,careNm
              ,careAddr
             ,careTel
             ,(SELECT nickname FROM members WHERE nickname='AA') as nickname
             FROM (
              SELECT 
              ROWNUM as RN
              ,f.favoritep_no
        		, f.favoritep_reg_date
        		, p.pet_notice_no
        		, p.popfile
        		, p.careNm
        		, p.careAddr
        		, p.careTel
        		, (SELECT nickname FROM members WHERE nickname = f.nickname) as nickname
        		FROM FAVORITEP f
        		JOIN pet_notice p ON f.pet_notice_no = p.pet_notice_no
        		WHERE ROWNUM <= ( #{cri.pageNum} * #{cri.amount} )
        		            )
        		   WHERE RN > ( ( #{cri.pageNum} - 1 ) * #{cri.amount} )
        		   
        		   ]]>
  		</select>
  		</mapper>

