<?xml version="1.0" encoding="UTF-8"?>
<!DOCTYPE mapper
  PUBLIC "-//mybatis.org//DTD Mapper 3.0//EN"
  "https://mybatis.org/dtd/mybatis-3-mapper.dtd">
  <mapper namespace="com.spring.mapper.MypageMapper">
  <select id="selectMypage" resultType="com.spring.domain.MembersDTO">

	<!-- SELECT * FROM members --> 
       	 SELECT email
              , pwd
              , phone
              , name
              , nickname 
              FROM members WHERE email =  #{email,jdbcType=VARCHAR}
     </select>
     
     <update id="updatePwd">
  		 UPDATE members 
         SET pwd = #{pwd,jdbcType=VARCHAR}      
         WHERE email = #{email,jdbcType=VARCHAR} 
     </update>
     
     <update id="updatePhone">
  		 UPDATE members 
         SET phone = #{phone}      
         WHERE email = #{email,jdbcType=VARCHAR}
     </update>
     
     <delete id = "removeMember">
     	delete from members where email = #{email,jdbcType=VARCHAR}
     </delete>
     
     </mapper>