<?xml version="1.0" encoding="UTF-8"?>
<!DOCTYPE mapper
  PUBLIC "-//mybatis.org//DTD Mapper 3.0//EN"
  "https://mybatis.org/dtd/mybatis-3-mapper.dtd">
  <mapper namespace="com.spring.mapper.S_Mapper">
  <select id="selectS" resultType="com.spring.domain.S_DTO">
  		<![CDATA[
  		SELECT  
			shelter_no
			 ,careNm
			 ,divisionNm
			 ,saveTrgtAnimal
			 ,careAddr
			 ,weekOprStime
			 ,weekOprEtime
			 ,weekCellStime 
			 ,weekCellEtime 
			 ,weekendOprStime
			 ,weekendOprEtime  
			 ,weekendCellStime  
			 ,weekendCellEtime
			 ,closeDay
			 ,careTel
			 FROM shelter where shelter_no=#{shelter_no}
			 ]]>
  	</select>
  	
  	<select id="selectAllBoard" resultType="com.spring.domain.S_DTO">
  		SELECT * FROM shelter
  	</select>
  	 <select id="selectCountAllBoard" parameterType="int" resultType="int">	
  			SELECT COUNT(1)FROM shelter
  		</select>
  	
  	<select id="selectAllBoardByPage" resultType="com.spring.domain.S_DTO">
  		<![CDATA[
  		SELECT * FROM (
				SELECT
				 ROWNUM as rn
				,shelter_no  
				,careNm  
				,divisionNm 
				,saveTrgtAnimal 
				,careAddr 
				,weekOprStime 
				,weekOprEtime
				,weekCellStime 
				,weekCellEtime  
				,weekendOprStime  
				,weekendOprEtime  
				,weekendCellStime 
				,weekendCellEtime 
				,closeDay 
				,careTel
				FROM  shelter 
				WHERE ROWNUM <= ( #{cri.pageNum} * #{cri.amount} )   
				       )
				WHERE rn > ( ( #{cri.pageNum} - 1 ) * #{cri.amount} ) 
				]]>
  	</select>
  	<insert id="insertShelterData">
  		INSERT INTO favorites( 
						favorites_no
						,favorites_reg_date
						,shelter_no  
						,careNm  
						,divisionNm 
						,saveTrgtAnimal 
						,careAddr 
						,weekOprStime 
						,weekOprEtime
						,weekCellStime 
						,weekCellEtime  
						,weekendOprStime  
						,weekendOprEtime  
						,weekendCellStime 
						,weekendCellEtime 
						,closeDay 
						,careTel
						)
						values(
						seq_favorites_no.nextval
						,sysdate
						,(SELECT shelter_no from shelter where shelter_no=#{shelter_no})
						,(SELECT careNm FROM shelter WHERE careNm = #{careNm,jdbcType=VARCHAR})
						,(SELECT divisionNm FROM shelter WHERE divisionNm = #{divisionNm,jdbcType=VARCHAR})
						,(SELECT saveTrgtAnimal FROM shelter WHERE saveTrgtAnimal = #{saveTrgtAnimal,jdbcType=VARCHAR})
						,(SELECT careAddr FROM shelter WHERE careAddr = #{careAddr,jdbcType=VARCHAR})
						,(SELECT weekOprStime FROM shelter WHERE weekOprStime = #{weekOprStime,jdbcType=VARCHAR})
						,(SELECT weekOprEtime FROM shelter WHERE weekOprEtime = #{weekOprEtime,jdbcType=VARCHAR})
						,(SELECT weekCellStime FROM shelter WHERE weekCellStime = #{weekCellStime,jdbcType=VARCHAR})
						,(SELECT weekCellEtime FROM shelter WHERE weekCellEtime = #{weekCellEtime,jdbcType=VARCHAR})
						,(SELECT weekendOprStime FROM shelter WHERE weekendOprStime = #{weekendOprStime,jdbcType=VARCHAR})
						,(SELECT weekendOprEtime FROM shelter WHERE weekendOprEtime = #{weekendOprEtime,jdbcType=VARCHAR})
						,(SELECT weekendCellStime FROM shelter WHERE weekendCellStime = #{weekendCellStime,jdbcType=VARCHAR})
						,(SELECT weekendCellEtime FROM shelter WHERE weekendCellEtime = #{weekendCellEtime,jdbcType=VARCHAR})
						,(SELECT closeDay FROM shelter WHERE closeDay = #{closeDay,jdbcType=VARCHAR})
						,(SELECT careTel FROM shelter WHERE careTel = #{careTel,jdbcType=VARCHAR})
						)
  	</insert>
  	<delete id="deleteShelterData">
  		DELETE FROM favorites WHERE shelter_no=#{shelter_no}
  	</delete>
  	</mapper>