<?xml version="1.0" encoding="UTF-8"?>
<beans xmlns="http://www.springframework.org/schema/beans"
	xmlns:xsi="http://www.w3.org/2001/XMLSchema-instance"
	xmlns:context="http://www.springframework.org/schema/context"
	xmlns:mybatis-spring="http://mybatis.org/schema/mybatis-spring"
	xsi:schemaLocation="http://mybatis.org/schema/mybatis-spring http://mybatis.org/schema/mybatis-spring-1.2.xsd
		http://www.springframework.org/schema/beans https://www.springframework.org/schema/beans/spring-beans.xsd
		http://www.springframework.org/schema/context http://www.springframework.org/schema/context/spring-context-4.3.xsd">
	
	<!-- Root Context: defines shared resources visible to all other web components -->
	<!-- hikariCP config -->
		<bean id="hikariConfig" class="com.zaxxer.hikari.HikariConfig">
		<property name="driverClassName" value="net.sf.log4jdbc.sql.jdbcapi.DriverSpy"></property>
		<property name="jdbcUrl" value="jdbc:log4jdbc:oracle:thin:@192.168.0.69:1521:xe"></property>

		<property name="username" value ="c##abd"></property>

		<property name="password" value ="abd"></property>
		
		
		
		</bean>
		<!-- hikariCP DataSource -->
		<bean id="dataSource" class="com.zaxxer.hikari.HikariDataSource" destroy-method="close">
			<constructor-arg ref="hikariConfig"></constructor-arg>
			<property name="maximumPoolSize" value="50"></property>
			
		</bean>
		<bean id="sqlSessionFactory" class="org.mybatis.spring.SqlSessionFactoryBean">
			<property name="dataSource" ref="dataSource"></property>
					
		</bean>
		
		
		<!-- service scan -->
		<context:component-scan base-package="com.spring.service"></context:component-scan>
		<!-- persistence scan -->
		<mybatis-spring:scan base-package="com.spring.mapper"></mybatis-spring:scan>
		
		<!-- test scan -->
		<context:component-scan base-package="com.spring.test"></context:component-scan>
		
		
		
</beans>

